{
	"pre_processing_instance_type": "ml.m5.xlarge",
	"training_instance_type": "ml.m5.xlarge",
	"input_s3_prefix": "craiglist/usedcars/",
	"output_s3_prefix": "vehicle/usedcars/feature",
	"report_s3_prefix": "vehicle/usedcars/training/inbound/baseline",
	"code_s3_prefix":"vehicle/usedcars/training/script",
	"rmse_threshold": "5000",
	"xgboost_preprocess_script" : "processing_xgboost_script.py",
	"linear_learner_preprocess_script" : "processing_lr_script.py",
	"preprocessing_container" : "683313688378.dkr.ecr.us-east-1.amazonaws.com/sagemaker-scikit-learn:0.20.0-cpu-py3",
	"RealTimeDataCapture":"transformed/scoring/processing/realtime"
}
