{
	"preprocessing_instance_type": "ml.m5.xlarge",
	"CodeLocation": "titanic/monitoring/inbound/code",
	"PrefixDriftLambda": "evaluate_monitor_datadrift.zip",
	"PrefixEvalLambda": "evaluatemonitor_payload.zip",
	"GlueS3Dest":"transformed/titanic/monitoring/inbound/currentrun",
	"RTGlueS3Dest":"transformed/titanic/monitoring/inbound/currentrun/realtime",
	"GlueS3Source":"transformed/titanic/scoring/outbound/batch",
	"RTGlueS3Source":"transformed/titanic/scoring/processing/realtime",    
	"PrefixJsonlPath":"transformed/titanic/monitoring/inbound/",
	"RTPrefixJsonlPath":"transformed/titanic/monitoring/inbound/realtime/",
	"PrefixPostProcCodeLL":"score_ll_post_processing_script.py",
	"PrefixPostProcCodeXGB":"score_xgb_post_processing_script.py",
	"PrefixViolationPath":"transformed/titanic/monitoring/outbound/datadrift/",
	"MDPrefixViolationPath":"transformed/titanic/monitoring/outbound/modeldrift/",    
	"BaselineS3Prefix":"titanic/training/inbound/baseline",
	"PrefixGlueCode":"Glue_bookmarkScript.py",
	"RTPrefixGlueCode":"RT_Glue_bookmarkScript.py",    
	"Schedulefreq": "rate(1 hour)",
	"PrefixReportPath":"transformed/monitoring/reporting/drift/",
	"RTPrefixReportPath":"transformed/monitoring/reporting/datadrift/realtime/",
	"DriftReportPath":"transformed/monitoring/reporting/drift/",
	"DataDriftTable":"titanicdatadrifttbl",
	"RTReportPath":"transformed/titanic/scoring/outbound/realtime/",
	"InferReportPath":"transformed/titanic/scoring/outbound/",
	"ScoringDataTable":"titanicscoringtbl",
	"BslineReportPath":"transformed/scoring/baselineReport/",
	"BaselineDataTable":"titanicbaselineref",
	"ScoreMonitorBridgeTable":"titanicscoremonitorbridge",
	"Scoremonitorbridgepath":"transformed/monitoring/reporting/scoremonitorbridge/",
	"InpGroundTruth":"transformed/titanic/monitoring/inbound/inpgroundtruth/",
	"OpGroundTruth":"transformed/titanic/monitoring/inbound/currentrun/groundtruth/",
	"ModelMonitor": "modelmonitordb" 
}
