{
  "version" : 0.0,
  "features" : [ {
    "name" : "price",
    "inferred_type" : "Integral",
    "completeness" : 1.0,
    "num_constraints" : {
      "is_non_negative" : true
    }
  }, {
    "name" : "year",
    "inferred_type" : "Fractional",
    "completeness" : 1.0,
    "num_constraints" : {
      "is_non_negative" : true
    }
  }, {
    "name" : "manufacturer",
    "inferred_type" : "Integral",
    "completeness" : 1.0,
    "num_constraints" : {
      "is_non_negative" : true
    }
  }, {
    "name" : "model",
    "inferred_type" : "Integral",
    "completeness" : 1.0,
    "num_constraints" : {
      "is_non_negative" : true
    }
  }, {
    "name" : "condition",
    "inferred_type" : "Integral",
    "completeness" : 1.0,
    "num_constraints" : {
      "is_non_negative" : true
    }
  }, {
    "name" : "cylinders",
    "inferred_type" : "Integral",
    "completeness" : 1.0,
    "num_constraints" : {
      "is_non_negative" : true
    }
  }, {
    "name" : "fuel",
    "inferred_type" : "Integral",
    "completeness" : 1.0,
    "num_constraints" : {
      "is_non_negative" : true
    }
  }, {
    "name" : "odometer",
    "inferred_type" : "Integral",
    "completeness" : 1.0,
    "num_constraints" : {
      "is_non_negative" : true
    }
  }, {
    "name" : "title_status",
    "inferred_type" : "Integral",
    "completeness" : 1.0,
    "num_constraints" : {
      "is_non_negative" : true
    }
  }, {
    "name" : "transmission",
    "inferred_type" : "Integral",
    "completeness" : 1.0,
    "num_constraints" : {
      "is_non_negative" : true
    }
  }, {
    "name" : "drive",
    "inferred_type" : "Integral",
    "completeness" : 1.0,
    "num_constraints" : {
      "is_non_negative" : true
    }
  }, {
    "name" : "type",
    "inferred_type" : "Integral",
    "completeness" : 1.0,
    "num_constraints" : {
      "is_non_negative" : true
    }
  }, {
    "name" : "paint_color",
    "inferred_type" : "Integral",
    "completeness" : 1.0,
    "num_constraints" : {
      "is_non_negative" : true
    }
  } ],
  "monitoring_config" : {
    "evaluate_constraints" : "Enabled",
    "emit_metrics" : "Enabled",
    "datatype_check_threshold" : 1.0,
    "domain_content_threshold" : 1.0,
    "distribution_constraints" : {
      "perform_comparison" : "Enabled",
      "comparison_threshold" : 0.1,
      "comparison_method" : "Robust"
    }
  }
}